,ORCA-Fusion-BT,ORCA-Fusion,ORCA_Flash4.0,Kinetix,iXon897Life,Panda4.2
200,0,0,0,0.206148282,0,0
201,0,0,0,0.211518987,0,0
202,0,0,0,0.218698011,0,0
203,0,0,0,0.224122966,0,0
204,0,0,0,0.23124774,0,0
205,0,0,0,0.237311634,0,0
206,0,0,0,0.243797468,0,0
207,0,0,0,0.250500301,0,0
208,0,0,0,0.256347197,0,0
209,0,0,0,0.261880651,0,0
210,0,0,0,0.267088608,0,0
211,0,0,0,0.273261001,0,0
212,0,0,0,0.278047016,0,0
213,0,0,0,0.282833032,0,0
214,0,0,0,0.287619048,0,0
215,0,0,0,0.290867993,0,0
216,0,0,0,0.295382761,0,0
217,0,0,0,0.300168776,0,0
218,0,0,0,0.306437613,0,0
219,0,0,0,0.311808318,0,0
220,0,0,0,0.319831224,0,0
221,0,0,0,0.332260398,0,0
222,0,0,0,0.346208559,0,0
223,0,0,0,0.355780591,0,0
224,0,0,0,0.3639783,0,0
225,0,0,0,0.371006631,0,0
226,0,0,0,0.375792646,0,0
227,0,0,0,0.380578662,0,0
228,0,0,0,0.385268234,0,0
229,0,0,0,0.388342375,0,0
230,0,0,0,0.391862568,0,0
231,0,0,0,0.394255576,0,0
232,0,0,0,0.3960217,0,0
233,0,0,0,0.397233273,0,0
234,0,0,0,0.397830018,0,0
235,0,0,0,0.399638336,0,0
236,0,0,0,0.399638336,0,0
237,0,0,0,0.399638336,0,0
238,0,0,0,0.399638336,0,0
239,0,0,0,0.399638336,0,0
240,0,0,0,0.399638336,0,0
241,0,0,0,0.397830018,0,0
242,0,0,0,0.397830018,0,0
243,0,0,0,0.396196504,0,0
244,0,0,0,0.395611814,0,0
245,0,0,0,0.393218807,0,0
246,0,0,0,0.390825799,0,0
247,0,0,0,0.388432791,0,0
248,0,0,0,0.386039783,0,0
249,0,0,0,0.38212176,0,0
250,0,0,0,0.379144063,0,0
251,0,0,0,0.375244123,0,0
252,0,0,0,0.37138035,0,0
253,0,0,0,0.368402652,0,0
254,0,0,0,0.364448463,0,0
255,0,0,0,0.360638939,0,0
256,0,0,0,0.356045811,0,0
257,0,0,0,0.352875226,0,0
258,0,0,0,0.34808921,0,0
259,0,0,0,0.343303195,0,0
260,0,0,0,0.338517179,0,0
261,0,0,0,0.333731163,0,0
262,0,0,0,0.327136829,0,0
263,0,0,0,0.322350814,0,0
264,0,0,0,0.316311031,0,0
265,0,0,0,0.310970464,0,0
266,0,0,0,0.306184448,0,0
267,0,0,0,0.301398433,0,0
268,0,0,0,0.296612417,0,0
269,0,0,0,0.291826401,0,0
270,0,0,0,0.288185654,0,0
271,0,0,0,0.285792646,0,0
272,0,0,0,0.283905967,0,0
273,0,0,0,0.283905967,0,0
274,0,0,0,0.282230259,0,0
275,0,0,0,0.282097649,0,0
276,0,0,0,0.282097649,0,0
277,0,0,0,0.282097649,0,0
278,0,0,0,0.283905967,0,0
279,0,0,0,0.283905967,0,0
280,0,0,0,0.285473177,0,0
281,0,0,0,0.287866184,0,0
282,0,0,0,0.291187462,0,0
283,0,0,0,0.294460518,0,0
284,0,0,0,0.297142857,0,0
285,0,0,0,0.301054852,0,0
286,0,0,0,0.30490657,0,0
287,0,0,0,0.309692586,0,0
288,0,0,0,0.314478602,0,0
289,0,0,0,0.319264617,0,0
290,0,0,0,0.331826401,0,0
291,0,0,0,0.343791441,0,0
292,0,0,0,0.357106691,0,0
293,0,0,0,0.369403255,0,0
294,0,0,0,0.378975286,0,0
295,0,0,0,0.388547318,0,0
296,0,0,0,0.396166365,0,0
297,0,0,0,0.400295359,0,0
298,0,0,0,0.402688366,0,0
299,0,0,0,0.405063291,0.112440191,0
300,0,0,0,0.405063291,0.11291866,0
301,0,0,0,0.405063291,0.114119617,0
302,0,0,0,0.403291139,0.116296651,0
303,0,0,0,0.401446655,0.119899522,0
304,0,0,0,0.399180229,0.122507177,0
305,0,0,0,0.396112116,0.123708134,0
306,0,0,0,0.393719108,0.124401914,0
307,0,0,0,0.390247137,0.124401914,0
308,0,0,0,0.387124774,0.12491866,0
309,0,0,0,0.384291742,0.126119617,0
310,0.000222997,0.000222997,0,0.38053044,0.128373206,0
311,0.002977003,0.002977003,0,0.376528029,0.131976077,0
312,0.003902439,0.003902439,0,0.373550332,0.13477512,0
313,0.003902439,0.003902439,0,0.36973478,0.136576555,0
314,0.003902439,0.003902439,0,0.367341772,0.13837799,0
315,0.003902439,0.003902439,0,0.364948764,0.140179426,0
316,0.003902439,0.003902439,0,0.362555756,0.141703349,0.000937819
317,0.003902439,0.003902439,0,0.360162749,0.142904306,0.002844037
318,0.003902439,0.003902439,0,0.359578059,0.144105263,0.003058104
319,0.005496864,0.005496864,0,0.358047016,0.14530622,0.003058104
320,0.009142857,0.009142857,0,0.358047016,0.147655502,0.003058104
321,0.017404878,0.017404878,0,0.359855335,0.151258373,0.004352701
322,0.025666899,0.025666899,0,0.36066305,0.15369378,0.006116208
323,0.03392892,0.03392892,0,0.363056058,0.154894737,0.006116208
324,0.042190941,0.042190941,0,0.365449066,0.156886762,0.006116208
325,0.050452962,0.050452962,0,0.368595539,0.159688995,0.006116208
326,0.058714983,0.058714983,0,0.3720434,0.162491228,0.007767584
327,0.066977003,0.066977003,0,0.376130199,0.165293461,0.009174312
328,0.075239024,0.075239024,0,0.376829415,0.168095694,0.009174312
329,0.083501045,0.083501045,0,0.377938517,0.170897927,0.009174312
330,0.091763066,0.091763066,0,0.377938517,0.173492823,0.009276249
331,0.100025087,0.100025087,0,0.377938517,0.175894737,0.011182467
332,0.108287108,0.108287108,0,0.377938517,0.177665072,0.012232416
333,0.115422997,0.115422997,0,0.377932489,0.178866029,0.012232416
334,0.12093101,0.12093101,0,0.376130199,0.182631579,0.012232416
335,0.129170732,0.129170732,0,0.376130199,0.188636364,0.012691131
336,0.139016028,0.139016028,0,0.374370102,0.192688995,0.01459735
337,0.149597213,0.149597213,0,0.374321881,0.195090909,0.016503568
338,0.157859233,0.157859233,0,0.373200723,0.196832536,0.01853211
339,0.166121254,0.166121254,0,0.372513562,0.198033493,0.024250765
340,0.175275261,0.175275261,0,0.370705244,0.201244019,0.030784913
341,0.186291289,0.186291289,0,0.370705244,0.206047847,0.038409786
342,0.194809756,0.194809756,0,0.369053647,0.210172249,0.046034659
343,0.204420906,0.204420906,0,0.368468957,0.21377512,0.053659531
344,0.215436934,0.215436934,0,0.367088608,0.215311005,0.061284404
345,0.226452962,0.226452962,0,0.367088608,0.215311005,0.068909276
346,0.235662718,0.235662718,0,0.365280289,0.218803828,0.076534149
347,0.244582578,0.244582578,0,0.364321881,0.224808612,0.084159021
348,0.255598606,0.255598606,0,0.363471971,0.228688995,0.097206932
349,0.266614634,0.266614634,0,0.363471971,0.231090909,0.118175331
350,0.277630662,0.277630662,0,0.363471971,0.23277512,0.137614679
351,0.28864669,0.28864669,0,0.363471971,0.233976077,0.15667686
352,0.299662718,0.299662718,0,0.363471971,0.237358852,0.175739042
353,0.310678746,0.310678746,0,0.363471971,0.242162679,0.195932722
354,0.32127108,0.32127108,0,0.36490657,0.246229665,0.216901121
355,0.329533101,0.329533101,0,0.36549126,0.249832536,0.23598369
356,0.33982439,0.33982439,0,0.368679928,0.251942584,0.255779817
357,0.349959582,0.349959582,0,0.372085594,0.253143541,0.276748216
358,0.358221603,0.358221603,0,0.372670283,0.258124402,0.294740061
359,0.366483624,0.366483624,0,0.374321881,0.265330144,0.311896024
360,0.374745645,0.374745645,0,0.372995781,0.271004785,0.329051988
361,0.383007666,0.383007666,0,0.372411091,0.275808612,0.346207951
362,0.391269686,0.391269686,0,0.370018083,0.28138756,0.363363914
363,0.401326829,0.401326829,0,0.368896926,0.287392344,0.380519878
364,0.411696167,0.411696167,0,0.367040386,0.294966507,0.398369011
365,0.419958188,0.419958188,0,0.365280289,0.303373206,0.417431193
366,0.428220209,0.428220209,0,0.364062688,0.309397129,0.435045872
367,0.435378397,0.435378397,0,0.361669681,0.314200957,0.452201835
368,0.440886411,0.440886411,0,0.359855335,0.32061244,0.469357798
369,0.449103833,0.449103833,0,0.36450874,0.327818182,0.486513761
370,0.457365854,0.457365854,0,0.393309222,0.336650718,0.503669725
371,0.465627875,0.465627875,0,0.424249548,0.346258373,0.520825688
372,0.473889895,0.473889895,0,0.445786618,0.355866029,0.53667686
373,0.482151916,0.482151916,0,0.467323689,0.365473684,0.550020387
374,0.489544251,0.489544251,0,0.488390597,0.374248804,0.557737003
375,0.495052265,0.495052265,0,0.507534659,0.382655502,0.563710499
376,0.50303554,0.50303554,0,0.52503918,0.393588517,0.571335372
377,0.509970732,0.509970732,0,0.536925859,0.405598086,0.578960245
378,0.515657143,0.515657143,0,0.545497288,0.412497608,0.586585117
379,0.523919164,0.523919164,0,0.552676311,0.417301435,0.59420999
380,0.530397213,0.530397213,0,0.559493671,0.424688995,0.601834862
381,0.536540767,0.536540767,0,0.564279687,0.433095694,0.609459735
382,0.544802787,0.544802787,0,0.569065702,0.440631579,0.617084608
383,0.550823693,0.550823693,0,0.575660036,0.447837321,0.62470948
384,0.55742439,0.55742439,0,0.580446052,0.455043062,0.632334353
385,0.565686411,0.565686411,0,0.585232068,0.462248804,0.639959225
386,0.571250174,0.571250174,0,0.588209765,0.470344498,0.647584098
387,0.578308014,0.578308014,0,0.592995781,0.478751196,0.653486239
388,0.586168641,0.586168641,0,0.597781796,0.479961722,0.659775739
389,0.591676655,0.591676655,0,0.602567812,0.478760766,0.667400612
390,0.597184669,0.597184669,0,0.606570223,0.48937799,0.675025484
391,0.60355122,0.60355122,0,0.610331525,0.503789474,0.682650357
392,0.61181324,0.61181324,0,0.615117541,0.514526316,0.690275229
393,0.61761115,0.61761115,0,0.619174201,0.524133971,0.697900102
394,0.624434843,0.624434843,0,0.622881254,0.531885167,0.705524975
395,0.632696864,0.632696864,0,0.627667269,0.539090909,0.713149847
396,0.640958885,0.640958885,0,0.633128391,0.54723445,0.72077472
397,0.647448084,0.647448084,0,0.639047619,0.555641148,0.728399592
398,0.652956098,0.652956098,0,0.645678119,0.565942584,0.733455657
399,0.658464111,0.658464111,0,0.652857143,0.576751196,0.737268094
400,0.66174216,0.66174216,0.433145009,0.660036166,0.58277512,0.74108053
401,0.664496167,0.664496167,0.439730069,0.669005425,0.587578947,0.744892966
402,0.667250174,0.667250174,0.446315129,0.678577456,0.594315789,0.748705403
403,0.670004181,0.670004181,0.452900188,0.688149488,0.601521531,0.754159021
404,0.672758188,0.672758188,0.459485248,0.699457505,0.605799043,0.759877676
405,0.675902439,0.675902439,0.466070308,0.709101869,0.609401914,0.76559633
406,0.681410453,0.681410453,0.47173258,0.7186739,0.61891866,0.771314985
407,0.684922648,0.684922648,0.477357188,0.726564195,0.629727273,0.777033639
408,0.687676655,0.687676655,0.483942247,0.731476793,0.635559809,0.782752294
409,0.690430662,0.690430662,0.490527307,0.737305606,0.640363636,0.788470948
410,0.693184669,0.693184669,0.497112367,0.741229656,0.646172249,0.794189602
411,0.695938676,0.695938676,0.503697426,0.74583484,0.652177033,0.799908257
412,0.69884878,0.69884878,0.510282486,0.749632309,0.65615311,0.805626911
413,0.704356794,0.704356794,0.516867546,0.753598553,0.659755981,0.811345566
414,0.708103136,0.708103136,0.523452605,0.756226643,0.664382775,0.81706422
415,0.710857143,0.710857143,0.530037665,0.75861965,0.669186603,0.822782875
416,0.71361115,0.71361115,0.536622724,0.762531646,0.673990431,0.828501529
417,0.716365157,0.716365157,0.543207784,0.765213984,0.678794258,0.834220183
418,0.719119164,0.719119164,0.549792844,0.767606992,0.683598086,0.839938838
419,0.721873171,0.721873171,0.556377903,0.77,0.688401914,0.844097859
420,0.724627178,0.724627178,0.561142498,0.772634117,0.693205742,0.847910296
421,0.725853659,0.725853659,0.567664783,0.776594334,0.698009569,0.851722732
422,0.726232753,0.726232753,0.574249843,0.778987342,0.706,0.854373089
423,0.72898676,0.72898676,0.580834903,0.78138035,0.714406699,0.856279307
424,0.729756098,0.729756098,0.585612053,0.783773357,0.716382775,0.858185525
425,0.730592334,0.730592334,0.592121783,0.786166365,0.717583732,0.860856269
426,0.733346341,0.733346341,0.598706842,0.788559373,0.720947368,0.864668705
427,0.733658537,0.733658537,0.604905838,0.790235081,0.724550239,0.866962283
428,0.734951916,0.734951916,0.609993723,0.791537071,0.72815311,0.868868502
429,0.737560976,0.737560976,0.616578782,0.79212176,0.731755981,0.87077472
430,0.737560976,0.737560976,0.623163842,0.794514768,0.734258373,0.872680938
431,0.739311498,0.739311498,0.627865662,0.795660036,0.736660287,0.874587156
432,0.741463415,0.741463415,0.634450722,0.797492465,0.741282297,0.876493374
433,0.741463415,0.741463415,0.639152542,0.799885473,0.746086124,0.879123344
434,0.74367108,0.74367108,0.644902699,0.802278481,0.750889952,0.88293578
435,0.745365854,0.745365854,0.650439422,0.806449668,0.75569378,0.885270133
436,0.745365854,0.745365854,0.655254237,0.808872815,0.759368421,0.886850153
437,0.745365854,0.745365854,0.661726303,0.811265823,0.762971292,0.886850153
438,0.74688223,0.74688223,0.666428123,0.813658831,0.766574163,0.887930683
439,0.749268293,0.749268293,0.671129944,0.816051838,0.770177033,0.889836901
440,0.749268293,0.749268293,0.675957313,0.818444846,0.773779904,0.891743119
441,0.751241812,0.751241812,0.681133082,0.820837854,0.777382775,0.893649337
442,0.753170732,0.753170732,0.685235405,0.821422544,0.782143541,0.895555556
443,0.753170732,0.753170732,0.689601381,0.823815552,0.786947368,0.897461774
444,0.755601394,0.755601394,0.692893911,0.826208559,0.790583732,0.899367992
445,0.757073171,0.757073171,0.697457627,0.826793249,0.794186603,0.90127421
446,0.757073171,0.757073171,0.70136221,0.828209765,0.797789474,0.903180428
447,0.757073171,0.757073171,0.704654739,0.829770946,0.801392344,0.905086646
448,0.758812544,0.758812544,0.709679849,0.831826401,0.804995215,0.905198777
449,0.76097561,0.76097561,0.713123038,0.832748644,0.808598086,0.905840979
450,0.76097561,0.76097561,0.716415568,0.83363472,0.812200957,0.907747197
451,0.76097561,0.76097561,0.719708098,0.835726341,0.815803828,0.909653415
452,0.762023693,0.762023693,0.723000628,0.837251356,0.819406699,0.911559633
453,0.7647777,0.7647777,0.726293158,0.838704039,0.823023923,0.913465851
454,0.764878049,0.764878049,0.729585687,0.839288728,0.827827751,0.915372069
455,0.764878049,0.764878049,0.732878217,0.841681736,0.832583732,0.917278287
456,0.765234843,0.765234843,0.736170747,0.842676311,0.834985646,0.919184506
457,0.76798885,0.76798885,0.739463277,0.844659433,0.837421053,0.921090724
458,0.768780488,0.768780488,0.742755807,0.846292948,0.841023923,0.922996942
459,0.768780488,0.768780488,0.746048336,0.847637131,0.844626794,0.923547401
460,0.768780488,0.768780488,0.749340866,0.849909584,0.848229665,0.923751274
461,0.7712,0.7712,0.752633396,0.850614828,0.851832536,0.925657492
462,0.772682927,0.772682927,0.755178908,0.853007836,0.855435407,0.92756371
463,0.772682927,0.772682927,0.757335217,0.855400844,0.858851675,0.929469929
464,0.772682927,0.772682927,0.760627746,0.857793852,0.858851675,0.931376147
465,0.77441115,0.77441115,0.763920276,0.86018686,0.859210526,0.932721713
466,0.776585366,0.776585366,0.767212806,0.862567812,0.865215311,0.932721713
467,0.776585366,0.776585366,0.770244821,0.863164557,0.871057416,0.932721713
468,0.776585366,0.776585366,0.771914626,0.865557565,0.874660287,0.932721713
469,0.776585366,0.776585366,0.775207156,0.867950573,0.878263158,0.932721713
470,0.776585366,0.776585366,0.778499686,0.868535262,0.881866029,0.932721713
471,0.776585366,0.776585366,0.779908977,0.87092827,0.885368421,0.932721713
472,0.778079443,0.778079443,0.783201507,0.871609403,0.887770335,0.934393476
473,0.780487805,0.780487805,0.786494036,0.873905967,0.890282297,0.935779817
474,0.780487805,0.780487805,0.789077213,0.87522604,0.893885167,0.935779817
475,0.780487805,0.780487805,0.791195857,0.876883665,0.897368421,0.935779817
476,0.780487805,0.780487805,0.794488387,0.877468354,0.899770335,0.935779817
477,0.780487805,0.780487805,0.796610169,0.879861362,0.902301435,0.935779817
478,0.780487805,0.780487805,0.799190207,0.880650995,0.905904306,0.936656473
479,0.781747735,0.781747735,0.802482737,0.882459313,0.909368421,0.938562691
480,0.784390244,0.784390244,0.804143126,0.883423749,0.911770335,0.93883792
481,0.784390244,0.784390244,0.807184557,0.885816757,0.914023923,0.93883792
482,0.784390244,0.784390244,0.810477087,0.886401447,0.91522488,0.93883792
483,0.784390244,0.784390244,0.811886378,0.887884268,0.916636364,0.93883792
484,0.784390244,0.784390244,0.815178908,0.889379144,0.919438596,0.93883792
485,0.784390244,0.784390244,0.816588198,0.889963834,0.922240829,0.93883792
486,0.784390244,0.784390244,0.819880728,0.892356841,0.925043062,0.939673802
487,0.784390244,0.784390244,0.821290019,0.893309222,0.927845295,0.94158002
488,0.784390244,0.784390244,0.824582549,0.895117541,0.930647528,0.941896024
489,0.784390244,0.784390244,0.825991839,0.895919228,0.933200957,0.941896024
490,0.784390244,0.784390244,0.828625235,0.898312236,0.934401914,0.941896024
491,0.784390244,0.784390244,0.830508475,0.898896926,0.935799043,0.941896024
492,0.784390244,0.784390244,0.83210295,0.900542495,0.938200957,0.941896024
493,0.784390244,0.784390244,0.834274953,0.901874623,0.940602871,0.941896024
494,0.784390244,0.784390244,0.836158192,0.902459313,0.943004785,0.942691131
495,0.784390244,0.784390244,0.838041431,0.904852321,0.945406699,0.94459735
496,0.784390244,0.784390244,0.839623352,0.90596745,0.947808612,0.944954128
497,0.784490592,0.784490592,0.841032643,0.907775769,0.950210526,0.944954128
498,0.787244599,0.787244599,0.842441933,0.907775769,0.95261244,0.944954128
499,0.78658676,0.78658676,0.845574388,0.908999397,0.954311005,0.944954128
500,0.784390244,0.784390244,0.847143754,0.909584087,0.953110048,0.944954128
501,0.784390244,0.784390244,0.848553045,0.910168776,0.952885167,0.944954128
502,0.784390244,0.784390244,0.849962335,0.911392405,0.956488038,0.945708461
503,0.784390244,0.784390244,0.851371626,0.911392405,0.959330144,0.947614679
504,0.784390244,0.784390244,0.853107345,0.911922845,0.959330144,0.948012232
505,0.784390244,0.784390244,0.854990584,0.913200723,0.959593301,0.948012232
506,0.784390244,0.784390244,0.856873823,0.913200723,0.960794258,0.948012232
507,0.784390244,0.784390244,0.858757062,0.915009042,0.962131579,0.949123344
508,0.784390244,0.784390244,0.860301318,0.916069922,0.963933014,0.951029562
509,0.784390244,0.784390244,0.861710609,0.91681736,0.96573445,0.951070336
510,0.784390244,0.784390244,0.8631199,0.918625678,0.967535885,0.951783894
511,0.784390244,0.784390244,0.86452919,0.918625678,0.969191388,0.953690112
512,0.784390244,0.784390244,0.866290019,0.920216998,0.970392344,0.95412844
513,0.784390244,0.784390244,0.868173258,0.920801688,0.971593301,0.954444444
514,0.784390244,0.784390244,0.870056497,0.922242315,0.972794258,0.956350663
515,0.784390244,0.784390244,0.871939736,0.923779385,0.973995215,0.957186544
516,0.784390244,0.784390244,0.873458883,0.924364075,0.975196172,0.957186544
517,0.784390244,0.784390244,0.874868173,0.925858951,0.976397129,0.957186544
518,0.784390244,0.784390244,0.876277464,0.925858951,0.977598086,0.957859327
519,0.784390244,0.784390244,0.877686755,0.927667269,0.978799043,0.959765545
520,0.784390244,0.784390244,0.879472693,0.928511151,0.98,0.960244648
521,0.784390244,0.784390244,0.881355932,0.929475588,0.981200957,0.960519878
522,0.784390244,0.784390244,0.883239171,0.931283906,0.982401914,0.962426096
523,0.784390244,0.784390244,0.885207156,0.932073538,0.983253589,0.963302752
524,0.784390244,0.784390244,0.88700565,0.934466546,0.983253589,0.963302752
525,0.784390244,0.784390244,0.888025738,0.934900542,0.98361244,0.965086646
526,0.784390244,0.784390244,0.889435028,0.935635925,0.984813397,0.966360856
527,0.784390244,0.784390244,0.890772128,0.936708861,0.985645933,0.966360856
528,0.784390244,0.784390244,0.89225361,0.938517179,0.985645933,0.966360856
529,0.784390244,0.784390244,0.892655367,0.938517179,0.986023923,0.966595311
530,0.784390244,0.784390244,0.893188952,0.939783002,0.98722488,0.968501529
531,0.784468293,0.784468293,0.894538606,0.940325497,0.988232057,0.96941896
532,0.7872223,0.7872223,0.896007533,0.940325497,0.988832536,0.96941896
533,0.788292683,0.788292683,0.896421846,0.941537071,0.989433014,0.96941896
534,0.788292683,0.788292683,0.896421846,0.942133816,0.990033493,0.96941896
535,0.788292683,0.788292683,0.898305085,0.942133816,0.990430622,0.96941896
536,0.788292683,0.788292683,0.898305085,0.942133816,0.990430622,0.96941896
537,0.788292683,0.788292683,0.898305085,0.942133816,0.990430622,0.96941896
538,0.788292683,0.788292683,0.900188324,0.943942134,0.990430622,0.96941896
539,0.788292683,0.788292683,0.900188324,0.943942134,0.990643541,0.96941896
540,0.788292683,0.788292683,0.900188324,0.943942134,0.991244019,0.96941896
541,0.788292683,0.788292683,0.902071563,0.943942134,0.991844498,0.96941896
542,0.788292683,0.788292683,0.902071563,0.943942134,0.992444976,0.96941896
543,0.788292683,0.788292683,0.903954802,0.945575648,0.992822967,0.96941896
544,0.788292683,0.788292683,0.903954802,0.945750452,0.992822967,0.96941896
545,0.788292683,0.788292683,0.903954802,0.945750452,0.992822967,0.969571865
546,0.790656446,0.790656446,0.905838041,0.945750452,0.992822967,0.971478084
547,0.792195122,0.792195122,0.905838041,0.946106088,0.992822967,0.972477064
548,0.792195122,0.792195122,0.905838041,0.94755877,0.992822967,0.972477064
549,0.792195122,0.792195122,0.907721281,0.94755877,0.992822967,0.972477064
550,0.792195122,0.792195122,0.907721281,0.949367089,0.992822967,0.972477064
551,0.792195122,0.792195122,0.909601381,0.949367089,0.99330622,0.972477064
552,0.792195122,0.792195122,0.90960452,0.950837854,0.994507177,0.972477064
553,0.792195122,0.792195122,0.911487759,0.951175407,0.995215311,0.972477064
554,0.792195122,0.792195122,0.911487759,0.952007233,0.995215311,0.972477064
555,0.792195122,0.792195122,0.913355304,0.952983725,0.995173445,0.972477064
556,0.792195122,0.792195122,0.913370998,0.953176612,0.995073365,0.972477064
557,0.792195122,0.792195122,0.914290647,0.954792043,0.994973285,0.972477064
558,0.792195122,0.792195122,0.915254237,0.954792043,0.994873206,0.972477064
559,0.792195122,0.792195122,0.915254237,0.956600362,0.994773126,0.972477064
560,0.792195122,0.792195122,0.916635279,0.956600362,0.994673046,0.973700306
561,0.792195122,0.792195122,0.917137476,0.956600362,0.994572967,0.975535168
562,0.792195122,0.792195122,0.917137476,0.95840868,0.994472887,0.975535168
563,0.789842509,0.789842509,0.917137476,0.95840868,0.994372807,0.975535168
564,0.788292683,0.788292683,0.917137476,0.95840868,0.994272727,0.975535168
565,0.788292683,0.788292683,0.917137476,0.95840868,0.994172648,0.975535168
566,0.788292683,0.788292683,0.917137476,0.959023508,0.994072568,0.975963303
567,0.788292683,0.788292683,0.917137476,0.960216998,0.993972488,0.977869521
568,0.787779791,0.787779791,0.917137476,0.960216998,0.993872408,0.979775739
569,0.785025784,0.785025784,0.917137476,0.960216998,0.993772329,0.981681957
570,0.784390244,0.784390244,0.917137476,0.960216998,0.993672249,0.983588175
571,0.784390244,0.784390244,0.917137476,0.960216998,0.993572169,0.985494393
572,0.784390244,0.784390244,0.917137476,0.960216998,0.993472089,0.987400612
573,0.784390244,0.784390244,0.917137476,0.960216998,0.99337201,0.987767584
574,0.784390244,0.784390244,0.917137476,0.960216998,0.99327193,0.987767584
575,0.784111498,0.784111498,0.917137476,0.960216998,0.99317185,0.987767584
576,0.781357491,0.781357491,0.917137476,0.960216998,0.99307177,0.988909276
577,0.780487805,0.780487805,0.917137476,0.960216998,0.992971691,0.990815494
578,0.780487805,0.780487805,0.917137476,0.960216998,0.992871611,0.990825688
579,0.780487805,0.780487805,0.917137476,0.960216998,0.993440191,0.990825688
580,0.780487805,0.780487805,0.917137476,0.960216998,0.994641148,0.990825688
581,0.780487805,0.780487805,0.917137476,0.960216998,0.994588517,0.992324159
582,0.780487805,0.780487805,0.917137476,0.960216998,0.99338756,0.993883792
583,0.780487805,0.780487805,0.915357815,0.960216998,0.992822967,0.993883792
584,0.780487805,0.780487805,0.915254237,0.960216998,0.992822967,0.993883792
585,0.779986063,0.779986063,0.915254237,0.960216998,0.992822967,0.993883792
586,0.777232056,0.777232056,0.915254237,0.960216998,0.992822967,0.993883792
587,0.776585366,0.776585366,0.915254237,0.959981917,0.992822967,0.994587156
588,0.776585366,0.776585366,0.915254237,0.95840868,0.992822967,0.996493374
589,0.776585366,0.776585366,0.915254237,0.95840868,0.992822967,0.996941896
590,0.776585366,0.776585366,0.915254237,0.95840868,0.992822967,0.996941896
591,0.776585366,0.776585366,0.915254237,0.95840868,0.992822967,0.996941896
592,0.776585366,0.776585366,0.915254237,0.95840868,0.992822967,0.996941896
593,0.776585366,0.776585366,0.913370998,0.95840868,0.992822967,0.996941896
594,0.776585366,0.776585366,0.913370998,0.95840868,0.992822967,0.995127421
595,0.776585366,0.776585366,0.913370998,0.959704641,0.992822967,0.993221203
596,0.776585366,0.776585366,0.913370998,0.960216998,0.992822967,0.991314985
597,0.776585366,0.776585366,0.913370998,0.960216998,0.992822967,0.990825688
598,0.776585366,0.776585366,0.913370998,0.960216998,0.992822967,0.990560652
599,0.776585366,0.776585366,0.913370998,0.962025316,0.992110048,0.988654434
600,0.776585366,0.776585366,0.913370998,0.962025316,0.990909091,0.987767584
601,0.776585366,0.776585366,0.911487759,0.962025316,0.989708134,0.987767584
602,0.776585366,0.776585366,0.911487759,0.963797468,0.988507177,0.985993884
603,0.776585366,0.776585366,0.911487759,0.963833635,0.988038278,0.98470948
604,0.776585366,0.776585366,0.911487759,0.963833635,0.988038278,0.98470948
605,0.776585366,0.776585366,0.911487759,0.963833635,0.988038278,0.983333333
606,0.776585366,0.776585366,0.911192718,0.963833635,0.988038278,0.981651376
607,0.776585366,0.776585366,0.90960452,0.963833635,0.988038278,0.981651376
608,0.776585366,0.776585366,0.90960452,0.963833635,0.988038278,0.980672783
609,0.776585366,0.776585366,0.90960452,0.963833635,0.9875311,0.978766565
610,0.776585366,0.776585366,0.909322034,0.963833635,0.986730463,0.978593272
611,0.776585366,0.776585366,0.907721281,0.963833635,0.985929825,0.978012232
612,0.776585366,0.776585366,0.907721281,0.96344786,0.985129187,0.976106014
613,0.776585366,0.776585366,0.907721281,0.962025316,0.984328549,0.975535168
614,0.776585366,0.776585366,0.90745135,0.962025316,0.983527911,0.975351682
615,0.776585366,0.776585366,0.905838041,0.962025316,0.983253589,0.973445464
616,0.776585366,0.776585366,0.905838041,0.961109102,0.983253589,0.972477064
617,0.776585366,0.776585366,0.905106717,0.960216998,0.983253589,0.972477064
618,0.776585366,0.776585366,0.903954802,0.960216998,0.983253589,0.970784913
619,0.776105923,0.776105923,0.903954802,0.959355033,0.983253589,0.96941896
620,0.773351916,0.773351916,0.902071563,0.95840868,0.983253589,0.96941896
621,0.772682927,0.772682927,0.902071563,0.95840868,0.982708134,0.968124363
622,0.772682927,0.772682927,0.901826742,0.957600964,0.981907496,0.966360856
623,0.772682927,0.772682927,0.900188324,0.956600362,0.981106858,0.966360856
624,0.772682927,0.772682927,0.899008161,0.956600362,0.98030622,0.965463812
625,0.772682927,0.772682927,0.898305085,0.955846896,0.979505582,0.963557594
626,0.772437631,0.772437631,0.898072819,0.954792043,0.978704944,0.963302752
627,0.769683624,0.769683624,0.896421846,0.954792043,0.9784689,0.962803262
628,0.768780488,0.768780488,0.896421846,0.954092827,0.9784689,0.960897044
629,0.768780488,0.768780488,0.894538606,0.952983725,0.97761244,0.960244648
630,0.768780488,0.768780488,0.894538606,0.952923448,0.976411483,0.960142712
631,0.768780488,0.768780488,0.894538606,0.951175407,0.976076555,0.958236493
632,0.767620906,0.767620906,0.892655367,0.951175407,0.976076555,0.957186544
633,0.764878049,0.764878049,0.892655367,0.951169379,0.976076555,0.957186544
634,0.764878049,0.764878049,0.892448211,0.949367089,0.976076555,0.955575943
635,0.764878049,0.764878049,0.890772128,0.949367089,0.975191388,0.95412844
636,0.764878049,0.764878049,0.890772128,0.949367089,0.973990431,0.95412844
637,0.764878049,0.764878049,0.890772128,0.94755877,0.973684211,0.952915392
638,0.762804181,0.762804181,0.888888889,0.94755877,0.973684211,0.951070336
639,0.76097561,0.76097561,0.888888889,0.945852923,0.972779904,0.951070336
640,0.76097561,0.76097561,0.888888889,0.945750452,0.971578947,0.951070336
641,0.76097561,0.76097561,0.88700565,0.945750452,0.971291866,0.951070336
642,0.76097561,0.76097561,0.88700565,0.944098855,0.971291866,0.94950051
643,0.760741463,0.760741463,0.88700565,0.943942134,0.970830144,0.948012232
644,0.757987456,0.757987456,0.885122411,0.942929476,0.970229665,0.948012232
645,0.757073171,0.757073171,0.885122411,0.942133816,0.969629187,0.948012232
646,0.757073171,0.757073171,0.883239171,0.942133816,0.969028708,0.947991845
647,0.757073171,0.757073171,0.883239171,0.941175407,0.967956938,0.946085627
648,0.754776307,0.754776307,0.881355932,0.940325497,0.966755981,0.944954128
649,0.753170732,0.753170732,0.880725047,0.940006028,0.965555024,0.944954128
650,0.753170732,0.753170732,0.879472693,0.938517179,0.964354067,0.944954128
651,0.753170732,0.753170732,0.877906466,0.938517179,0.963473684,0.944576962
652,0.751565157,0.751565157,0.876497175,0.938251959,0.962673046,0.942670744
653,0.749268293,0.749268293,0.873822976,0.936708861,0.961872408,0.941896024
654,0.749268293,0.749268293,0.871795355,0.936708861,0.96107177,0.941896024
655,0.749268293,0.749268293,0.870056497,0.93649789,0.960271132,0.941896024
656,0.748354007,0.748354007,0.867093534,0.934900542,0.959470494,0.94116208
657,0.7456,0.7456,0.865684244,0.934900542,0.958834928,0.939255861
658,0.745365854,0.745365854,0.864274953,0.934900542,0.95823445,0.93883792
659,0.745365854,0.745365854,0.86252354,0.934159132,0.957633971,0.93883792
660,0.745142857,0.745142857,0.860640301,0.933092224,0.957033493,0.93883792
661,0.74238885,0.74238885,0.858757062,0.932989753,0.956937799,0.937747197
662,0.741463415,0.741463415,0.856873823,0.931283906,0.956937799,0.935840979
663,0.741463415,0.741463415,0.855345261,0.931283906,0.95591866,0.935779817
664,0.741463415,0.741463415,0.85393597,0.931235684,0.954717703,0.935086646
665,0.741463415,0.741463415,0.852526679,0.929475588,0.953516746,0.933180428
666,0.740326132,0.740326132,0.851117389,0.929475588,0.952315789,0.932721713
667,0.737572125,0.737572125,0.849340866,0.927673297,0.95215311,0.932721713
668,0.737560976,0.737560976,0.847457627,0.927088608,0.95215311,0.932721713
669,0.737560976,0.737560976,0.845574388,0.925858951,0.951105263,0.931671764
670,0.737560976,0.737560976,0.843691149,0.92411091,0.949904306,0.929765545
671,0.737560976,0.737560976,0.842187696,0.923526221,0.948703349,0.929663609
672,0.735509408,0.735509408,0.840778406,0.922242315,0.947502392,0.929011213
673,0.733658537,0.733658537,0.839369115,0.920548523,0.946301435,0.927104995
674,0.733658537,0.733658537,0.837959824,0.918625678,0.945100478,0.925198777
675,0.733658537,0.733658537,0.836158192,0.917570826,0.944976077,0.923292559
676,0.733658537,0.733658537,0.834274953,0.91681736,0.944976077,0.92138634
677,0.73344669,0.73344669,0.831848713,0.914593128,0.943889952,0.919480122
678,0.730692683,0.730692683,0.828625235,0.913200723,0.942688995,0.917573904
679,0.729756098,0.729756098,0.827146893,0.911615431,0.941488038,0.915667686
680,0.729756098,0.729756098,0.824858757,0.911030741,0.940287081,0.913149847
681,0.729756098,0.729756098,0.822445072,0.908637734,0.939086124,0.909337411
682,0.729756098,0.729756098,0.81920904,0.907775769,0.937885167,0.906890928
683,0.729756098,0.729756098,0.817743252,0.90596745,0.936684211,0.904984709
684,0.729756098,0.729756098,0.814450722,0.905075347,0.935483254,0.903078491
685,0.72702439,0.72702439,0.813041431,0.904159132,0.934282297,0.901172273
686,0.725853659,0.725853659,0.809748901,0.902097649,0.93308134,0.899266055
687,0.725853659,0.725853659,0.807909605,0.900542495,0.933014354,0.897359837
688,0.725853659,0.725853659,0.805047081,0.899119952,0.933014354,0.894882773
689,0.725853659,0.725853659,0.802259887,0.898535262,0.931489633,0.891070336
690,0.724961672,0.724961672,0.800345261,0.896142254,0.929888357,0.888583078
691,0.722207666,0.722207666,0.797052731,0.895117541,0.928287081,0.88667686
692,0.72195122,0.72195122,0.79564344,0.893164557,0.926685805,0.884770642
693,0.72195122,0.72195122,0.792843691,0.890771549,0.92508453,0.882864424
694,0.72195122,0.72195122,0.79094162,0.888378541,0.923483254,0.880958206
695,0.72195122,0.72195122,0.789077213,0.885985533,0.924617225,0.879051988
696,0.720144948,0.720144948,0.786239799,0.883592526,0.925818182,0.87714577
697,0.71804878,0.71804878,0.785310734,0.881199518,0.923473684,0.875239551
698,0.71804878,0.71804878,0.783427495,0.87880651,0.92107177,0.87204893
699,0.71804878,0.71804878,0.782011927,0.875792646,0.918669856,0.868369011
700,0.71804878,0.71804878,0.780602637,0.872212176,0.916267943,0.866462793
701,0.71804878,0.71804878,0.779661017,0.869819168,0.9174689,0.864556575
702,0.715328223,0.715328223,0.777784055,0.867992767,0.918641148,0.862650357
703,0.714146341,0.714146341,0.776374765,0.866841471,0.916239234,0.860744139
704,0.714146341,0.714146341,0.775894539,0.864448463,0.913875598,0.859327217
705,0.714146341,0.714146341,0.774011299,0.863863773,0.913875598,0.859327217
706,0.712117073,0.712117073,0.772146893,0.861470766,0.91384689,0.858083588
707,0.710243902,0.710243902,0.77212806,0.859077758,0.912645933,0.85617737
708,0.710243902,0.710243902,0.770244821,0.858493068,0.911444976,0.854271152
709,0.707757491,0.707757491,0.768361582,0.85610006,0.910244019,0.853211009
710,0.706341463,0.706341463,0.768361582,0.855334539,0.909043062,0.853211009
711,0.706151916,0.706151916,0.766478343,0.853122363,0.907842105,0.851610601
712,0.703397909,0.703397909,0.764595104,0.850729355,0.90661244,0.849704383
713,0.702439024,0.702439024,0.764165097,0.849909584,0.904811005,0.847798165
714,0.701792334,0.701792334,0.762711864,0.849559976,0.903009569,0.847094801
715,0.699038328,0.699038328,0.761346516,0.848101266,0.901208134,0.847043833
716,0.698536585,0.698536585,0.759937225,0.848101266,0.899444976,0.845137615
717,0.698536585,0.698536585,0.758945386,0.848101266,0.898244019,0.843231397
718,0.698536585,0.698536585,0.758945386,0.848101266,0.897043062,0.841325178
719,0.695827178,0.695827178,0.757062147,0.848101266,0.895842105,0.83941896
720,0.694634146,0.694634146,0.755178908,0.848101266,0.894641148,0.837920489
721,0.694221603,0.694221603,0.752890772,0.848101266,0.893440191,0.837920489
722,0.691467596,0.691467596,0.749598242,0.848101266,0.892133971,0.83675841
723,0.690731707,0.690731707,0.748188952,0.848101266,0.889732057,0.834852192
724,0.689862021,0.689862021,0.744896422,0.848101266,0.887444976,0.832945973
725,0.687108014,0.687108014,0.741603892,0.848101266,0.886244019,0.831804281
726,0.686829268,0.686829268,0.738311362,0.848101266,0.885043062,0.831804281
727,0.686829268,0.686829268,0.736346516,0.848101266,0.883842105,0.830285423
728,0.686650871,0.686650871,0.733609542,0.848101266,0.882641148,0.828379205
729,0.683896864,0.683896864,0.730317012,0.848101266,0.881440191,0.826472987
730,0.682926829,0.682926829,0.727024482,0.847438216,0.880239234,0.825688073
731,0.682926829,0.682926829,0.722416824,0.846292948,0.879038278,0.825688073
732,0.682926829,0.682926829,0.718556183,0.844484629,0.877684211,0.823812436
733,0.680685714,0.680685714,0.715263653,0.843267028,0.875282297,0.821906218
734,0.67902439,0.67902439,0.711971124,0.838481013,0.873043062,0.82
735,0.67902439,0.67902439,0.708678594,0.831916817,0.871842105,0.819571865
736,0.676326132,0.676326132,0.703502825,0.824737794,0.8704689,0.819245668
737,0.675121951,0.675121951,0.700210295,0.81755877,0.868066986,0.81733945
738,0.674720557,0.674720557,0.696917765,0.812103677,0.865665072,0.815433231
739,0.671966551,0.671966551,0.693625235,0.807817963,0.863263158,0.813527013
740,0.671219512,0.671219512,0.690332706,0.805424955,0.861244019,0.811620795
741,0.670360976,0.670360976,0.687040176,0.803031947,0.861244019,0.810397554
742,0.667606969,0.667606969,0.683747646,0.802447257,0.860641148,0.810397554
743,0.664852962,0.664852962,0.680455116,0.801084991,0.857038278,0.807522936
744,0.663414634,0.663414634,0.677162586,0.801084991,0.854066986,0.803995923
745,0.663247387,0.663247387,0.673870056,0.801084991,0.854066986,0.802089704
746,0.66049338,0.66049338,0.670577527,0.801084991,0.853406699,0.800183486
747,0.657739373,0.657739373,0.667284997,0.801084991,0.849803828,0.798277268
748,0.654985366,0.654985366,0.663992467,0.800747438,0.846889952,0.79637105
749,0.652231359,0.652231359,0.660699937,0.799276673,0.846889952,0.794464832
750,0.649477352,0.649477352,0.657407407,0.799276673,0.846650718,0.792558614
751,0.646723345,0.646723345,0.654114878,0.798993369,0.845449761,0.790652396
752,0.643969338,0.643969338,0.651600753,0.796600362,0.844,0.788746177
753,0.643902439,0.643902439,0.649413057,0.792754671,0.841598086,0.786839959
754,0.642363763,0.642363763,0.646120527,0.788197709,0.838937799,0.78393476
755,0.639609756,0.639609756,0.642827997,0.784990958,0.835334928,0.780122324
756,0.636855749,0.636855749,0.639535468,0.780204943,0.832267943,0.778063201
757,0.634101742,0.634101742,0.636242938,0.775418927,0.831066986,0.776156983
758,0.631347735,0.631347735,0.632950408,0.771392405,0.829866029,0.774250765
759,0.628593728,0.628593728,0.629657878,0.767655214,0.828665072,0.772344546
760,0.625839721,0.625839721,0.626365348,0.764798071,0.827320574,0.770438328
761,0.623085714,0.623085714,0.623072819,0.762405063,0.825519139,0.76853211
762,0.620487805,0.620487805,0.619780289,0.760012055,0.823717703,0.766625892
763,0.620487805,0.620487805,0.616487759,0.757685353,0.821916268,0.764719674
764,0.618726132,0.618726132,0.613195229,0.757685353,0.819961722,0.762813456
765,0.615972125,0.615972125,0.609902699,0.757685353,0.817559809,0.760346585
766,0.613218118,0.613218118,0.606610169,0.755877034,0.815157895,0.756534149
767,0.610464111,0.610464111,0.60331764,0.755280289,0.812755981,0.754036697
768,0.607710105,0.607710105,0.600753296,0.754068716,0.810354067,0.752130479
769,0.604956098,0.604956098,0.598615819,0.752302592,0.807952153,0.750224261
770,0.602202091,0.602202091,0.595323289,0.74755877,0.805885167,0.748318043
771,0.60097561,0.60097561,0.59203076,0.742772755,0.804684211,0.746411825
772,0.600596516,0.600596516,0.58873823,0.739698614,0.803138756,0.744505607
773,0.597842509,0.597842509,0.5854457,0.735009042,0.800736842,0.742079511
774,0.595088502,0.595088502,0.58215317,0.72915009,0.798334928,0.738267074
775,0.592334495,0.592334495,0.57886064,0.723628692,0.795933014,0.735728848
776,0.589580488,0.589580488,0.576271186,0.720650995,0.7935311,0.73382263
777,0.586826481,0.586826481,0.57415882,0.715864979,0.791129187,0.731916412
778,0.584072474,0.584072474,0.57086629,0.711078963,0.788727273,0.729133537
779,0.581463415,0.581463415,0.56873823,0.708481013,0.786325359,0.725321101
780,0.581463415,0.581463415,0.566854991,0.707052441,0.783923445,0.723139653
781,0.579712892,0.579712892,0.564755179,0.707052441,0.781521531,0.720754332
782,0.576958885,0.576958885,0.563088512,0.707377939,0.779119617,0.716941896
783,0.574204878,0.574204878,0.561205273,0.708860759,0.776717703,0.714362895
784,0.571450871,0.571450871,0.559322034,0.708860759,0.774315789,0.712456677
785,0.568696864,0.568696864,0.557438795,0.709132007,0.771913876,0.710550459
786,0.565942857,0.565942857,0.555825487,0.710669078,0.769511962,0.707808359
787,0.56318885,0.56318885,0.553672316,0.710669078,0.767110048,0.703995923
788,0.560434843,0.560434843,0.551789077,0.710669078,0.764708134,0.7017737
789,0.557680836,0.557680836,0.549714375,0.710669078,0.76230622,0.699867482
790,0.554926829,0.554926829,0.548022599,0.7092827,0.759904306,0.697961264
791,0.552172822,0.552172822,0.545012555,0.708698011,0.757502392,0.694862385
792,0.549418815,0.549418815,0.543603264,0.705557565,0.755100478,0.691090724
793,0.546664808,0.546664808,0.540310734,0.702103677,0.752698565,0.689184506
794,0.543910801,0.543910801,0.538606403,0.697793852,0.750296651,0.68648318
795,0.539874564,0.539874564,0.535608914,0.692314647,0.747894737,0.682670744
796,0.534500348,0.534500348,0.532316384,0.686413502,0.745492823,0.680407747
797,0.531746341,0.531746341,0.529023854,0.679819168,0.743090909,0.678501529
798,0.528992334,0.528992334,0.525731325,0.674394213,0.741157895,0.676595311
799,0.526238328,0.526238328,0.522438795,0.668438819,0.739956938,0.673537207
800,0.523484321,0.523484321,0.519146265,0.663652803,0.735885167,0.669724771
801,0.520730314,0.520730314,0.513970496,0.657643159,0.727478469,0.667818552
802,0.517976307,0.517976307,0.510677966,0.655250151,0.722488038,0.665912334
803,0.5152223,0.5152223,0.507385436,0.652857143,0.722488038,0.664006116
804,0.512468293,0.512468293,0.502209667,0.650464135,0.721244019,0.660591233
805,0.509714286,0.509714286,0.498917137,0.648071127,0.718241627,0.657135576
806,0.506960279,0.506960279,0.495624608,0.645678119,0.715239234,0.655229358
807,0.504206272,0.504206272,0.492332078,0.643761302,0.712236842,0.652212029
808,0.501452265,0.501452265,0.489039548,0.643761302,0.708976077,0.648399592
809,0.498698258,0.498698258,0.483863779,0.643761302,0.705373206,0.646452599
810,0.495944251,0.495944251,0.480571249,0.643761302,0.702822967,0.644546381
811,0.493190244,0.493190244,0.477278719,0.644767932,0.70162201,0.642640163
812,0.489165157,0.489165157,0.47398619,0.64556962,0.700421053,0.639266055
813,0.483779791,0.483779791,0.47069366,0.64556962,0.699220096,0.635769623
814,0.481025784,0.481025784,0.46740113,0.64556962,0.697200957,0.633863405
815,0.478271777,0.478271777,0.4641086,0.64556962,0.694198565,0.63088685
816,0.47551777,0.47551777,0.46081607,0.64556962,0.691196172,0.627074414
817,0.472763763,0.472763763,0.45752354,0.64556962,0.68819378,0.623261978
818,0.470009756,0.470009756,0.454231011,0.64556962,0.685473684,0.619449541
819,0.467255749,0.467255749,0.450938481,0.64556962,0.68307177,0.615637105
820,0.464501742,0.464501742,0.447645951,0.644725738,0.680095694,0.613251784
821,0.461747735,0.461747735,0.444353421,0.642332731,0.676492823,0.611070336
822,0.458993728,0.458993728,0.441060891,0.63973478,0.673473684,0.6072579
823,0.456239721,0.456239721,0.437768362,0.634948764,0.67107177,0.603445464
824,0.453485714,0.453485714,0.434475832,0.628788427,0.668076555,0.599633028
825,0.450731707,0.450731707,0.431183302,0.62145871,0.664473684,0.597604485
826,0.447174913,0.447174913,0.427890772,0.612622061,0.661473684,0.595066259
827,0.441666899,0.441666899,0.424598242,0.604122966,0.65907177,0.591253823
828,0.438567247,0.438567247,0.421305712,0.596359253,0.656057416,0.587441386
829,0.43581324,0.43581324,0.418013183,0.588149488,0.652454545,0.58362895
830,0.433059233,0.433059233,0.414720653,0.583363472,0.649473684,0.579816514
831,0.430305226,0.430305226,0.411428123,0.57861965,0.64707177,0.576992864
832,0.42755122,0.42755122,0.408135593,0.575599759,0.644038278,0.575086646
833,0.424797213,0.424797213,0.404843063,0.572025316,0.640435407,0.571437309
834,0.422043206,0.422043206,0.403013183,0.569632309,0.637473684,0.567624873
835,0.419289199,0.419289199,0.400141243,0.565430983,0.63507177,0.563812436
836,0.416535192,0.416535192,0.396848713,0.563037975,0.630717703,0.561345566
837,0.413781185,0.413781185,0.393556183,0.560644967,0.624712919,0.559245668
838,0.411027178,0.411027178,0.390263653,0.560578662,0.620028708,0.555433231
839,0.408273171,0.408273171,0.386971124,0.560578662,0.616425837,0.551620795
840,0.405519164,0.405519164,0.384180791,0.560578662,0.614497608,0.547808359
841,0.402765157,0.402765157,0.382269303,0.560578662,0.613897129,0.543995923
842,0.40001115,0.40001115,0.378976773,0.560578662,0.613296651,0.540733945
843,0.397257143,0.397257143,0.375684244,0.560578662,0.612696172,0.538827727
844,0.394503136,0.394503136,0.372391714,0.560988547,0.609684211,0.535616718
845,0.391749129,0.391749129,0.369099184,0.56238698,0.604880383,0.531804281
846,0.388995122,0.388995122,0.365806654,0.56238698,0.60077512,0.527991845
847,0.386241115,0.386241115,0.362514124,0.562742616,0.597172249,0.525086646
848,0.383487108,0.383487108,0.359221594,0.564195298,0.59215311,0.523180428
849,0.380733101,0.380733101,0.355929065,0.565720313,0.586148325,0.51961264
850,0.377979094,0.377979094,0.352636535,0.566305003,0.583732057,0.515800204
851,0.375225087,0.375225087,0.349344005,0.567811935,0.583732057,0.511987768
852,0.37247108,0.37247108,0.346051475,0.5692827,0.581550239,0.509439348
853,0.369717073,0.369717073,0.342758945,0.56986739,0.577947368,0.507420999
854,0.366963066,0.366963066,0.337583176,0.571428571,0.572870813,0.503608563
855,0.364209059,0.364209059,0.334290647,0.571428571,0.566866029,0.500662589
856,0.361455052,0.361455052,0.330998117,0.57323689,0.563473684,0.498756371
857,0.358701045,0.358701045,0.327705587,0.57323689,0.561672249,0.496850153
858,0.355947038,0.355947038,0.323025738,0.574599156,0.559870813,0.494475025
859,0.353193031,0.353193031,0.319237288,0.575045208,0.558069378,0.490662589
860,0.350439024,0.350439024,0.315505336,0.575045208,0.555119617,0.488073394
861,0.347685017,0.347685017,0.310768989,0.575045208,0.551516746,0.486095821
862,0.34493101,0.34493101,0.30747646,0.57496082,0.546363636,0.482283384
863,0.342177003,0.342177003,0.30418393,0.572567812,0.540358852,0.479296636
864,0.339422997,0.339422997,0.3008914,0.570174804,0.536708134,0.477390418
865,0.33666899,0.33666899,0.29759887,0.567781796,0.53430622,0.4754842
866,0.333914983,0.333914983,0.29566855,0.565388788,0.532698565,0.473149847
867,0.331160976,0.331160976,0.29289705,0.561796263,0.531497608,0.469337411
868,0.328406969,0.328406969,0.28960452,0.558794454,0.528688995,0.466707441
869,0.325652962,0.325652962,0.28631199,0.555840868,0.525086124,0.464801223
870,0.322898955,0.322898955,0.284369115,0.551054852,0.521483254,0.462895005
871,0.320144948,0.320144948,0.281610169,0.546268837,0.517880383,0.460203874
872,0.317390941,0.317390941,0.27831764,0.543291139,0.515100478,0.456391437
873,0.314636934,0.314636934,0.27502511,0.538505124,0.512698565,0.454118247
874,0.311882927,0.311882927,0.27306968,0.533719108,0.506966507,0.452212029
875,0.30912892,0.30912892,0.270323289,0.53074141,0.499760766,0.45030581
876,0.306374913,0.306374913,0.26703076,0.525955395,0.49508134,0.4472579
877,0.303620906,0.303620906,0.265536723,0.521169379,0.491478469,0.443445464
878,0.300866899,0.300866899,0.262328939,0.518191682,0.490430622,0.441529052
879,0.298112892,0.298112892,0.259036409,0.513405666,0.490430622,0.439622834
880,0.295358885,0.295358885,0.257627119,0.51018686,0.48784689,0.437716616
881,0.292604878,0.292604878,0.254334589,0.505641953,0.484244019,0.434311927
882,0.289850871,0.289850871,0.252354049,0.501784207,0.479770335,0.430846075
883,0.287096864,0.287096864,0.249632768,0.49787824,0.474966507,0.428939857
884,0.284342857,0.284342857,0.246340239,0.494900542,0.470162679,0.425932722
885,0.28158885,0.28158885,0.244821092,0.490988547,0.465358852,0.422120285
886,0.278834843,0.278834843,0.241638418,0.488595539,0.461444976,0.418307849
887,0.276080836,0.276080836,0.238345888,0.484394213,0.457842105,0.414495413
888,0.273326829,0.273326829,0.236936598,0.481181435,0.456937799,0.410682977
889,0.270572822,0.270572822,0.233644068,0.477799879,0.456937799,0.40687054
890,0.267818815,0.267818815,0.231638418,0.475406872,0.454210526,0.403363914
891,0.265064808,0.265064808,0.228942247,0.472248342,0.450607656,0.401457696
892,0.262310801,0.262310801,0.225988701,0.468812538,0.447004785,0.398491335
893,0.259556794,0.259556794,0.224240427,0.466292948,0.443401914,0.394678899
894,0.256802787,0.256802787,0.220947897,0.462218204,0.440263158,0.390866463
895,0.25404878,0.25404878,0.219538606,0.459825196,0.437260766,0.387054027
896,0.251294774,0.251294774,0.216246077,0.455479204,0.434258373,0.38324159
897,0.248540767,0.248540767,0.214689266,0.448957203,0.431255981,0.380846075
898,0.24578676,0.24578676,0.211544256,0.445412899,0.424937799,0.378674822
899,0.243032753,0.243032753,0.209039548,0.441211573,0.417732057,0.374862385
900,0.238606272,0.238606272,0.206842436,0.438818565,0.410526316,0.371049949
901,0.2336223,0.2336223,0.203549906,0.43761302,0.403320574,0.367237513
902,0.230868293,0.230868293,0.202140615,0.435840868,0.401913876,0.363425076
903,0.228114286,0.228114286,0.198848085,0.433996383,0.401913876,0.360234455
904,0.225360279,0.225360279,0.197438795,0.432863171,0.401913876,0.358328236
905,0.222606272,0.222606272,0.194146265,0.432188065,0.401913876,0.355045872
906,0.219852265,0.219852265,0.192090395,0.429885473,0.398956938,0.351233435
907,0.217098258,0.217098258,0.189444444,0.428571429,0.395354067,0.347420999
908,0.214344251,0.214344251,0.186440678,0.426907776,0.391751196,0.343608563
909,0.211590244,0.211590244,0.184742624,0.424954792,0.388148325,0.339796126
910,0.208836237,0.208836237,0.181450094,0.423930078,0.385047847,0.33598369
911,0.20608223,0.20608223,0.180040804,0.421537071,0.382045455,0.332752294
912,0.203328223,0.203328223,0.176748274,0.420952381,0.379043062,0.330846075
913,0.202926829,0.202926829,0.175141243,0.418559373,0.37604067,0.327604485
914,0.201722648,0.201722648,0.172046453,0.416166365,0.372526316,0.323792049
915,0.198968641,0.198968641,0.169491525,0.415250151,0.368923445,0.319979613
916,0.196214634,0.196214634,0.167344633,0.41138035,0.365320574,0.316167176
917,0.193460627,0.193460627,0.164052103,0.408987342,0.361717703,0.31235474
918,0.19070662,0.19070662,0.162642812,0.406594334,0.358114833,0.310234455
919,0.187952613,0.187952613,0.159350282,0.404201326,0.354511962,0.307787971
920,0.185198606,0.185198606,0.157940992,0.401808318,0.348803828,0.303975535
921,0.182444599,0.182444599,0.154648462,0.397606992,0.342799043,0.300163099
922,0.179690592,0.179690592,0.151355932,0.395213984,0.340511962,0.296350663
923,0.176936585,0.176936585,0.149946642,0.392820976,0.338710526,0.292538226
924,0.174182578,0.174182578,0.146654112,0.390427969,0.336909091,0.28872579
925,0.171707317,0.171707317,0.145009416,0.388034961,0.335107656,0.284913354
926,0.171707317,0.171707317,0.141952291,0.385641953,0.329521531,0.282752294
927,0.169822997,0.169822997,0.139359699,0.381440627,0.323516746,0.280346585
928,0.16706899,0.16706899,0.137250471,0.379047619,0.321875598,0.276534149
929,0.164314983,0.164314983,0.133957941,0.376654611,0.320674641,0.272721713
930,0.161560976,0.161560976,0.13254865,0.374261603,0.31507177,0.268909276
931,0.16,0.16,0.129256121,0.371868596,0.309066986,0.26509684
932,0.159955401,0.159955401,0.12784683,0.368245931,0.30861244,0.262140673
933,0.157201394,0.157201394,0.1245543,0.365274262,0.30861244,0.260234455
934,0.154447387,0.154447387,0.122410546,0.362881254,0.306373206,0.256717635
935,0.15169338,0.15169338,0.11985248,0.360488246,0.303971292,0.252905199
936,0.148939373,0.148939373,0.116760829,0.358095238,0.297052632,0.249092762
937,0.148292683,0.148292683,0.115150659,0.35570223,0.28984689,0.245280326
938,0.147333798,0.147333798,0.113741368,0.352188065,0.289473684,0.241529052
939,0.144579791,0.144579791,0.111111111,0.347402049,0.289473684,0.239622834
940,0.141825784,0.141825784,0.109039548,0.344424352,0.286028708,0.236901121
941,0.139071777,0.139071777,0.107344633,0.339638336,0.282425837,0.233088685
942,0.136585366,0.136585366,0.104337728,0.336503918,0.276507177,0.229276249
943,0.136585366,0.136585366,0.102928437,0.331874623,0.270502392,0.225463812
944,0.134712195,0.134712195,0.099811676,0.328101266,0.270334928,0.221651376
945,0.131958188,0.131958188,0.098226616,0.322513562,0.270334928,0.21783894
946,0.129204181,0.129204181,0.096045198,0.315334539,0.264449761,0.214046891
947,0.126450174,0.126450174,0.094161959,0.309113924,0.258444976,0.212140673
948,0.124878049,0.124878049,0.092115505,0.304327908,0.258373206,0.209459735
949,0.124844599,0.124844599,0.09039548,0.299541893,0.258373206,0.205647299
950,0.122090592,0.122090592,0.087413685,0.294755877,0.252392344,0.201834862
951,0.119336585,0.119336585,0.086004394,0.289969861,0.246411483,0.198399592
952,0.117073171,0.117073171,0.084595104,0.283110307,0.246411483,0.196493374
953,0.117073171,0.117073171,0.081302574,0.276781193,0.246339713,0.194587156
954,0.114977003,0.114977003,0.079893283,0.270560579,0.240334928,0.192680938
955,0.112222997,0.112222997,0.078483992,0.265189873,0.234413876,0.19077472
956,0.10946899,0.10946899,0.075329567,0.25801085,0.23261244,0.188868502
957,0.106714983,0.106714983,0.073782172,0.252212176,0.230811005,0.186962283
958,0.105365854,0.105365854,0.071563089,0.247582881,0.229009569,0.185056065
959,0.105109408,0.105109408,0.069679849,0.244448463,0.227172249,0.183149847
960,0.102355401,0.102355401,0.067671061,0.240988547,0.224370016,0.181243629
961,0.099601394,0.099601394,0.065913371,0.236787221,0.221567783,0.180428135
962,0.097560976,0.097560976,0.064030132,0.234394213,0.21876555,0.180428135
963,0.097560976,0.097560976,0.06155995,0.230729355,0.215963317,0.178583078
964,0.095241812,0.095241812,0.060150659,0.227799879,0.213161085,0.17667686
965,0.092487805,0.092487805,0.058380414,0.225406872,0.21034689,0.174770642
966,0.089756098,0.089756098,0.056497175,0.223013864,0.207344498,0.172864424
967,0.089756098,0.089756098,0.054039548,0.220620856,0.204342105,0.170958206
968,0.088128223,0.088128223,0.052630257,0.21880651,0.201339713,0.169051988
969,0.085374216,0.085374216,0.050847458,0.217643159,0.198382775,0.16714577
970,0.082620209,0.082620209,0.048964218,0.216998192,0.195980861,0.165239551
971,0.08195122,0.08195122,0.046519146,0.216998192,0.19342823,0.165137615
972,0.081014634,0.081014634,0.045109856,0.216998192,0.18922488,0.164485219
973,0.078260627,0.078260627,0.043314501,0.216998192,0.185021531,0.162579001
974,0.07804878,0.07804878,0.041431262,0.216998192,0.180818182,0.160672783
975,0.076655052,0.076655052,0.039548023,0.216998192,0.177033493,0.158766565
976,0.074146341,0.074146341,0.037589454,0.216998192,0.177033493,0.156860347
977,0.074146341,0.074146341,0.035781544,0.217414105,0.17677512,0.154954128
978,0.07229547,0.07229547,0.033898305,0.21880651,0.174373206,0.15304791
979,0.069541463,0.069541463,0.032015066,0.21880651,0.171943541,0.151141692
980,0.066787456,0.066787456,0.030131827,0.21880651,0.169301435,0.149847095
981,0.066341463,0.066341463,0.028659761,0.21880651,0.16665933,0.149847095
982,0.065181882,0.065181882,0.027250471,0.21880651,0.164017225,0.148481142
983,0.062439024,0.062439024,0.02584118,0.21880651,0.16137512,0.146574924
984,0.062439024,0.062439024,0.02443189,0.21880651,0.158733014,0.144668705
985,0.0608223,0.0608223,0.02259887,0.21880651,0.156090909,0.142762487
986,0.058536585,0.058536585,0.020715631,0.216998192,0.153448804,0.140856269
987,0.058536585,0.058536585,0.018832392,0.216160338,0.150806699,0.138950051
988,0.056462718,0.056462718,0.016949153,0.21376733,0.148164593,0.137614679
989,0.054634146,0.054634146,0.015502197,0.211374322,0.145506494,0.137614679
990,0.054634146,0.054634146,0.014092906,0.208981314,0.142761449,0.136289501
991,0.052103136,0.052103136,0.012683616,0.206588306,0.140016405,0.134383282
992,0.050731707,0.050731707,0.011299435,0.204195298,0.13727136,0.132477064
993,0.050497561,0.050497561,0.009865035,0.201072936,0.134526316,0.130570846
994,0.047743554,0.047743554,0.008455744,0.197600964,0.131781271,0.128664628
995,0.046829268,0.046829268,0.007046453,0.195207957,0.129036227,0.12675841
996,0.046829268,0.046829268,0.005649718,0.192139843,0.126291183,0.124852192
997,0.046829268,0.046829268,0.004227872,0.187353828,0.123546138,0.122945973
998,0.044532404,0.044532404,0.002818581,0.182567812,0.120801094,0.122324159
999,0.042926829,0.042926829,0.001409291,0.17716094,0.118056049,0.122191641
1000,0.042926829,0.042926829,0,0.171187462,0.115311005,0.120285423
